Região,Constelação,Sistema Solar,Planeta,Recurso,Qualidade
Molden Heath,Fittakan,Aedin,1,Lustering Alloy,1 - Pobre
Molden Heath,Fittakan,Aedin,1,Base Metals,2 - Médio
Molden Heath,Fittakan,Aedin,2,Lustering Alloy,2 - Médio
Molden Heath,Fittakan,Aedin,2,Base Metals,2 - Médio
Molden Heath,Fittakan,Aedin,3,Smartfab Units,2 - Médio
Molden Heath,Fittakan,Aedin,3,Heavy Water,3 - Rico
Molden Heath,Fittakan,Aedin,3,Liquid Ozone,3 - Rico
Molden Heath,Fittakan,Aedin,4,Lustering Alloy,1 - Pobre
Molden Heath,Fittakan,Aedin,4,Base Metals,2 - Médio
Molden Heath,Fittakan,Aedin,5,Construction Blocks,1 - Pobre
Molden Heath,Fittakan,Aedin,5,Suspended Plasma,4 - Perfeito
Molden Heath,Fittakan,Aedin,6,Gleaming Alloy,3 - Rico
Molden Heath,Fittakan,Aedin,6,Suspended Plasma,3 - Rico
Molden Heath,Fittakan,Aedin,7,Toxic Metals,4 - Perfeito
Molden Heath,Fittakan,Aedin,7,Heavy Water,4 - Perfeito
Molden Heath,Fittakan,Aedin,7,Ionic Solutions,2 - Médio
Molden Heath,Fittakan,Aedin,8,Lustering Alloy,2 - Médio
Molden Heath,Fittakan,Aedin,8,Noble Gas,3 - Rico
Molden Heath,Fittakan,Aedin,8,Base Metals,1 - Pobre
Molden Heath,Fittakan,Aedin,9,Condensed Alloy,3 - Rico
Molden Heath,Fittakan,Aedin,9,Noble Metals,3 - Rico
Molden Heath,Fittakan,Aedin,9,Heavy Water,3 - Rico
Molden Heath,Fittakan,Gulfonodi,1,Lustering Alloy,2 - Médio
Molden Heath,Fittakan,Gulfonodi,1,Industrial Fibers,2 - Médio
Molden Heath,Fittakan,Gulfonodi,1,Construction Blocks,2 - Médio
Molden Heath,Fittakan,Gulfonodi,2,Dark Compound,1 - Pobre
Molden Heath,Fittakan,Gulfonodi,2,Industrial Fibers,1 - Pobre
Molden Heath,Fittakan,Gulfonodi,2,Oxygen Isotopes,2 - Médio
Molden Heath,Fittakan,Gulfonodi,3,Base Metals,1 - Pobre
Molden Heath,Fittakan,Gulfonodi,3,Industrial Fibers,1 - Pobre
Molden Heath,Fittakan,Gulfonodi,3,Construction Blocks,1 - Pobre
Molden Heath,Fittakan,Gulfonodi,4,Precious Alloy,2 - Médio
Molden Heath,Fittakan,Gulfonodi,4,Toxic Metals,1 - Pobre
Molden Heath,Fittakan,Gulfonodi,4,Industrial Fibers,1 - Pobre
Molden Heath,Fittakan,Gulfonodi,5,Industrial Fibers,2 - Médio
Molden Heath,Fittakan,Gulfonodi,5,Supertensile Plastics,2 - Médio
Molden Heath,Fittakan,Gulfonodi,5,Oxygen Isotopes,2 - Médio
Molden Heath,Fittakan,Gulfonodi,6,Noble Gas,4 - Perfeito
Molden Heath,Fittakan,Gulfonodi,6,Construction Blocks,3 - Rico
Molden Heath,Fittakan,Gulfonodi,7,Gleaming Alloy,3 - Rico
Molden Heath,Fittakan,Gulfonodi,7,Toxic Metals,3 - Rico
Molden Heath,Fittakan,Gulfonodi,7,Construction Blocks,2 - Médio
Molden Heath,Fittakan,Gulfonodi,8,Lustering Alloy,3 - Rico
Molden Heath,Fittakan,Gulfonodi,8,Noble Gas,2 - Médio
Molden Heath,Fittakan,Gulfonodi,8,Base Metals,2 - Médio
Molden Heath,Fittakan,Gulfonodi,8,Coolant,3 - Rico
Molden Heath,Fittakan,Gulfonodi,9,Gleaming Alloy,2 - Médio
Molden Heath,Fittakan,Gulfonodi,9,Construction Blocks,3 - Rico
Molden Heath,Fittakan,Gulfonodi,9,Suspended Plasma,2 - Médio
Molden Heath,Fittakan,Gulfonodi,10,Lustering Alloy,1 - Pobre
Molden Heath,Fittakan,Gulfonodi,10,Reactive Gas,4 - Perfeito
Molden Heath,Fittakan,Gulfonodi,10,Noble Gas,3 - Rico
Molden Heath,Fittakan,Gulfonodi,10,Ionic Solutions,3 - Rico
Molden Heath,Fittakan,Gulfonodi,11,Opulent Compound,2 - Médio
Molden Heath,Fittakan,Gulfonodi,11,Toxic Metals,3 - Rico
Molden Heath,Fittakan,Gulfonodi,11,Coolant,3 - Rico
Molden Heath,Fittakan,Gulfonodi,11,Ionic Solutions,2 - Médio
Molden Heath,Fittakan,Teonusude,1,Lustering Alloy,2 - Médio
Molden Heath,Fittakan,Teonusude,1,Base Metals,2 - Médio
Molden Heath,Fittakan,Teonusude,1,Ionic Solutions,3 - Rico
Molden Heath,Fittakan,Teonusude,2,Gleaming Alloy,3 - Rico
Molden Heath,Fittakan,Teonusude,2,Suspended Plasma,2 - Médio
Molden Heath,Fittakan,Teonusude,3,Lustering Alloy,2 - Médio
Molden Heath,Fittakan,Teonusude,3,Base Metals,3 - Rico
Molden Heath,Fittakan,Teonusude,3,Coolant,3 - Rico
Molden Heath,Fittakan,Teonusude,4,Lustering Alloy,3 - Rico
Molden Heath,Fittakan,Teonusude,4,Base Metals,3 - Rico
Molden Heath,Fittakan,Teonusude,5,Lustering Alloy,1 - Pobre
Molden Heath,Fittakan,Teonusude,5,Base Metals,1 - Pobre
Molden Heath,Fittakan,Teonusude,6,Lustering Alloy,1 - Pobre
Molden Heath,Fittakan,Teonusude,6,Base Metals,1 - Pobre
Molden Heath,Fittakan,Teonusude,7,Lustering Alloy,1 - Pobre
Molden Heath,Fittakan,Teonusude,7,Base Metals,1 - Pobre
Molden Heath,Fittakan,Teonusude,8,Lustering Alloy,1 - Pobre
Molden Heath,Fittakan,Teonusude,8,Base Metals,1 - Pobre
Molden Heath,Fittakan,Gelfiven,1,Motley Compound,3 - Rico
Molden Heath,Fittakan,Gelfiven,1,Oxygen Isotopes,2 - Médio
Molden Heath,Fittakan,Gelfiven,2,Lustering Alloy,2 - Médio
Molden Heath,Fittakan,Gelfiven,2,Base Metals,1 - Pobre
Molden Heath,Fittakan,Gelfiven,3,Lustering Alloy,1 - Pobre
Molden Heath,Fittakan,Gelfiven,3,Base Metals,1 - Pobre
Molden Heath,Fittakan,Gelfiven,4,Lustering Alloy,1 - Pobre
Molden Heath,Fittakan,Gelfiven,4,Base Metals,2 - Médio
Molden Heath,Fittakan,Gelfiven,5,Opulent Compound,4 - Perfeito
Molden Heath,Fittakan,Gelfiven,5,Heavy Water,4 - Perfeito
Molden Heath,Fittakan,Gelfiven,5,Ionic Solutions,2 - Médio
Molden Heath,Fittakan,Gelfiven,6,Reactive Gas,3 - Rico
Molden Heath,Fittakan,Gelfiven,6,Heavy Water,4 - Perfeito
Molden Heath,Fittakan,Gelfiven,6,Liquid Ozone,3 - Rico
Molden Heath,Fittakan,Gelfiven,7,Lustering Alloy,1 - Pobre
Molden Heath,Fittakan,Gelfiven,7,Base Metals,1 - Pobre
Molden Heath,Fittakan,Gelfiven,8,Industrial Fibers,2 - Médio
Molden Heath,Fittakan,Gelfiven,8,Condensates,2 - Médio
Molden Heath,Fittakan,Gelfiven,8,Heavy Water,1 - Pobre
Molden Heath,Fittakan,Gelfiven,9,Lustering Alloy,3 - Rico
Molden Heath,Fittakan,Gelfiven,9,Base Metals,1 - Pobre
Molden Heath,Fittakan,Gelfiven,9,Polyaramids,2 - Médio
Molden Heath,Fittakan,Gelfiven,10,Lustering Alloy,3 - Rico
Molden Heath,Fittakan,Gelfiven,10,Sheen Compound,4 - Perfeito
Molden Heath,Fittakan,Gelfiven,10,Base Metals,1 - Pobre
Molden Heath,Fittakan,Gelfiven,11,Lustering Alloy,4 - Perfeito
Molden Heath,Fittakan,Gelfiven,11,Glossy Compound,2 - Médio
Molden Heath,Fittakan,Gelfiven,11,Base Metals,3 - Rico
Molden Heath,Fittakan,Gelfiven,12,Lustering Alloy,2 - Médio
Molden Heath,Fittakan,Gelfiven,12,Base Metals,1 - Pobre
Molden Heath,Fittakan,Atlar,1,Dark Compound,3 - Rico
Molden Heath,Fittakan,Atlar,1,Heavy Water,4 - Perfeito
Molden Heath,Fittakan,Atlar,1,Condensates,3 - Rico
Molden Heath,Fittakan,Atlar,1,Nanites,4 - Perfeito
Molden Heath,Fittakan,Atlar,2,Noble Gas,2 - Médio
Molden Heath,Fittakan,Atlar,2,Smartfab Units,2 - Médio
Molden Heath,Fittakan,Atlar,3,Toxic Metals,1 - Pobre
Molden Heath,Fittakan,Atlar,3,Supertensile Plastics,1 - Pobre
Molden Heath,Fittakan,Atlar,3,Construction Blocks,2 - Médio
Molden Heath,Fittakan,Atlar,4,Dark Compound,1 - Pobre
Molden Heath,Fittakan,Atlar,4,Industrial Fibers,1 - Pobre
Molden Heath,Fittakan,Atlar,4,Plasmoids,1 - Pobre
Molden Heath,Fittakan,Atlar,5,Lustering Alloy,1 - Pobre
Molden Heath,Fittakan,Atlar,5,Glossy Compound,3 - Rico
Molden Heath,Fittakan,Atlar,5,Noble Gas,3 - Rico
Molden Heath,Fittakan,Atlar,5,Reactive Metals,1 - Pobre
Molden Heath,Fittakan,Atlar,6,Lustering Alloy,2 - Médio
Molden Heath,Fittakan,Atlar,6,Glossy Compound,4 - Perfeito
Molden Heath,Fittakan,Atlar,6,Reactive Gas,1 - Pobre
Molden Heath,Fittakan,Atlar,6,Noble Gas,2 - Médio
Molden Heath,Fittakan,Atlar,7,Sheen Compound,3 - Rico
Molden Heath,Fittakan,Atlar,7,Reactive Gas,3 - Rico
Molden Heath,Fittakan,Atlar,7,Noble Gas,3 - Rico
Molden Heath,Fittakan,Atlar,7,Reactive Metals,3 - Rico
Molden Heath,Fittakan,Atlar,8,Precious Alloy,1 - Pobre
Molden Heath,Fittakan,Atlar,8,Industrial Fibers,1 - Pobre
Molden Heath,Fittakan,Atlar,8,Supertensile Plastics,1 - Pobre
Molden Heath,Fittakan,Oddelulf,1,Lustering Alloy,2 - Médio
Molden Heath,Fittakan,Oddelulf,1,Industrial Fibers,1 - Pobre
Molden Heath,Fittakan,Oddelulf,1,Silicate Glass,1 - Pobre
Molden Heath,Fittakan,Oddelulf,2,Glossy Compound,3 - Rico
Molden Heath,Fittakan,Oddelulf,2,Noble Gas,3 - Rico
Molden Heath,Fittakan,Oddelulf,3,Fiber Composite,2 - Médio
Molden Heath,Fittakan,Oddelulf,3,Noble Metals,4 - Perfeito
Molden Heath,Fittakan,Oddelulf,3,Industrial Fibers,3 - Rico
Molden Heath,Fittakan,Oddelulf,3,Condensates,1 - Pobre
Molden Heath,Fittakan,Oddelulf,4,Industrial Fibers,2 - Médio
Molden Heath,Fittakan,Oddelulf,4,Silicate Glass,2 - Médio
Molden Heath,Fittakan,Oddelulf,4,Oxygen Isotopes,1 - Pobre
Molden Heath,Fittakan,Oddelulf,5,Lustering Alloy,3 - Rico
Molden Heath,Fittakan,Oddelulf,5,Noble Gas,3 - Rico
Molden Heath,Fittakan,Oddelulf,5,Coolant,1 - Pobre
Molden Heath,Fittakan,Oddelulf,5,Ionic Solutions,3 - Rico
Molden Heath,Fittakan,Oddelulf,6,Fiber Composite,4 - Perfeito
Molden Heath,Fittakan,Oddelulf,6,Glossy Compound,4 - Perfeito
Molden Heath,Fittakan,Oddelulf,6,Noble Gas,2 - Médio
Molden Heath,Fittakan,Oddelulf,6,Coolant,4 - Perfeito
Molden Heath,Fittakan,Oddelulf,7,Industrial Fibers,2 - Médio
Molden Heath,Fittakan,Oddelulf,7,Supertensile Plastics,1 - Pobre
Molden Heath,Fittakan,Oddelulf,7,Oxygen Isotopes,2 - Médio
Molden Heath,Fittakan,Oddelulf,8,Heavy Metals,2 - Médio
Molden Heath,Fittakan,Oddelulf,8,Coolant,1 - Pobre
Molden Heath,Fittakan,Oddelulf,8,Suspended Plasma,1 - Pobre
Molden Heath,Fittakan,Oddelulf,9,Heavy Metals,3 - Rico
Molden Heath,Fittakan,Oddelulf,9,Industrial Fibers,3 - Rico
Molden Heath,Fittakan,Oddelulf,9,Coolant,3 - Rico
Molden Heath,Besateoden,Illamur,1,Noble Gas,3 - Rico
Molden Heath,Besateoden,Illamur,1,Plasmoids,4 - Perfeito
Molden Heath,Besateoden,Illamur,2,Industrial Fibers,1 - Pobre
Molden Heath,Besateoden,Illamur,2,Silicate Glass,1 - Pobre
Molden Heath,Besateoden,Illamur,3,plasmoids,2 - Médio
Molden Heath,Besateoden,Illamur,3,Precious Alloy,2 - Médio
Molden Heath,Besateoden,Illamur,3,Base Metals,1 - Pobre
Molden Heath,Besateoden,Illamur,3,Industrial Fibers,1 - Pobre
Molden Heath,Besateoden,Illamur,4,Condensed Alloy,3 - Rico
Molden Heath,Besateoden,Illamur,4,Noble Metals,2 - Médio
Molden Heath,Besateoden,Illamur,4,Coolant,4 - Perfeito
Molden Heath,Besateoden,Illamur,4,Silicate Glass,2 - Médio
Molden Heath,Besateoden,Illamur,5,Fiber Composite,2 - Médio
Molden Heath,Besateoden,Illamur,5,Reactive Gas,2 - Médio
Molden Heath,Besateoden,Illamur,5,Noble Gas,3 - Rico
Molden Heath,Besateoden,Illamur,5,Reactive Metals,3 - Rico
Molden Heath,Besateoden,Illamur,6,Sheen Compound,3 - Rico
Molden Heath,Besateoden,Illamur,6,Noble Gas,2 - Médio
Molden Heath,Besateoden,Illamur,6,Base Metals,3 - Rico
Molden Heath,Besateoden,Illamur,6,Reactive Metals,3 - Rico
Molden Heath,Besateoden,Illamur,7,Lustering Alloy,3 - Rico
Molden Heath,Besateoden,Illamur,7,fiber Composite,1 - Pobre
Molden Heath,Besateoden,Illamur,7,Noble Gas,1 - Pobre
Molden Heath,Besateoden,Illamur,7,Reactive Metals,1 - Pobre
Molden Heath,Besateoden,Illamur,8,Reactive Gas,1 - Pobre
Molden Heath,Besateoden,Illamur,8,Noble Gas,3 - Rico
Molden Heath,Besateoden,Illamur,8,Base Metals,2 - Médio
Molden Heath,Besateoden,Illamur,8,Coolant,4 - Perfeito
Molden Heath,Besateoden,Illamur,9,Lustering Alloy,2 - Médio
Molden Heath,Besateoden,Illamur,9,Coolant,2 - Médio
Molden Heath,Besateoden,Illamur,9,Suspended Plasma,3 - Rico
Molden Heath,Besateoden,Illamur,10,Toxic Metals,4 - Perfeito
Molden Heath,Besateoden,Illamur,10,Coolant,3 - Rico
Molden Heath,Besateoden,Illamur,10,Liquid Ozone,2 - Médio
Molden Heath,Besateoden,Illamur,10,Ionic Solutions,3 - Rico
Molden Heath,Besateoden,Meildolf,1,Sheen Compound,2 - Médio
Molden Heath,Besateoden,Meildolf,1,Heavy Metals,3 - Rico
Molden Heath,Besateoden,Meildolf,1,Reactive Metals,3 - Rico
Molden Heath,Besateoden,Meildolf,1,Nanites,3 - Rico
Molden Heath,Besateoden,Meildolf,2,Precious Alloy,1 - Pobre
Molden Heath,Besateoden,Meildolf,2,Toxic Metals,1 - Pobre
Molden Heath,Besateoden,Meildolf,2,Industrial Fibers,1 - Pobre
Molden Heath,Besateoden,Meildolf,3,Noble Gas,4 - Perfeito
Molden Heath,Besateoden,Meildolf,3,Smartfab Units,2 - Médio
Molden Heath,Besateoden,Meildolf,4,Dark Compound,2 - Médio
Molden Heath,Besateoden,Meildolf,4,Industrial Fibers,2 - Médio
Molden Heath,Besateoden,Meildolf,4,Construction Blocks,2 - Médio
Molden Heath,Besateoden,Meildolf,5,Fiber Composite,3 - Rico
Molden Heath,Besateoden,Meildolf,5,Reactive Gas,3 - Rico
Molden Heath,Besateoden,Meildolf,5,Noble Metals,3 - Rico
Molden Heath,Besateoden,Meildolf,5,Industrial Fibers,2 - Médio
Molden Heath,Besateoden,Meildolf,6,Lustering Alloy,1 - Pobre
Molden Heath,Besateoden,Meildolf,6,Noble Gas,3 - Rico
Molden Heath,Besateoden,Meildolf,6,Base Metals,2 - Médio
Molden Heath,Besateoden,Meildolf,6,Ionic Solutions,2 - Médio
Molden Heath,Besateoden,Meildolf,7,lustering Alloy,1 - Pobre
Molden Heath,Besateoden,Meildolf,7,Fiber Composite,3 - Rico
Molden Heath,Besateoden,Meildolf,7,Noble Gas,3 - Rico
Molden Heath,Besateoden,Meildolf,7,Polyaramids,3 - Rico
Molden Heath,Besateoden,Meildolf,8,Glossy Compound,4 - Perfeito
Molden Heath,Besateoden,Meildolf,8,Reactive Gas,3 - Rico
Molden Heath,Besateoden,Meildolf,8,Noble Gas,3 - Rico
Molden Heath,Besateoden,Meildolf,8,Base Metals,4 - Perfeito
Molden Heath,Besateoden,Meildolf,9,Fiber Composite,2 - Médio
Molden Heath,Besateoden,Meildolf,9,Glossy Compound,3 - Rico
Molden Heath,Besateoden,Meildolf,9,Noble Gas,2 - Médio
Molden Heath,Besateoden,Meildolf,9,Coolant,3 - Rico
Molden Heath,Besateoden,Meildolf,10,Precious Alloy,1 - Pobre
Molden Heath,Besateoden,Meildolf,10,Industrial Fibers,1 - Pobre
Molden Heath,Besateoden,Meildolf,10,Silicate Glass,1 - Pobre
Molden Heath,Besateoden,Meildolf,11,lustering Alloy,3 - Rico
Molden Heath,Besateoden,Meildolf,11,Fiber Composite,1 - Pobre
Molden Heath,Besateoden,Meildolf,11,Noble Gas,2 - Médio
Molden Heath,Besateoden,Meildolf,11,Reactive Metals,3 - Rico
Molden Heath,Besateoden,Meildolf,12,Sheen Compound,2 - Médio
Molden Heath,Besateoden,Meildolf,12,Glossy Compound,3 - Rico
Molden Heath,Besateoden,Meildolf,12,Noble Gas,3 - Rico
Molden Heath,Besateoden,Meildolf,12,Coolant,1 - Pobre
Molden Heath,Besateoden,Meildolf,13,Toxic Metals,2 - Médio
Molden Heath,Besateoden,Meildolf,13,Polyaramids,4 - Perfeito
Molden Heath,Besateoden,Meildolf,13,Coolant,3 - Rico
Molden Heath,Besateoden,Meildolf,13,Silicate Glass,1 - Pobre
Molden Heath,Besateoden,Horaka,1,Construction Blocks,3 - Rico
Molden Heath,Besateoden,Horaka,1,Suspended Plasma,1 - Pobre
Molden Heath,Besateoden,Horaka,2,Reactive Gas,3 - Rico
Molden Heath,Besateoden,Horaka,2,Suspended Plasma,3 - Rico
Molden Heath,Besateoden,Horaka,3,Lustering Alloy,2 - Médio
Molden Heath,Besateoden,Horaka,3,Fiber Composite,3 - Rico
Molden Heath,Besateoden,Horaka,3,Base Metals,2 - Médio
Molden Heath,Besateoden,Horaka,4,Lustering Alloy,3 - Rico
Molden Heath,Besateoden,Horaka,4,Base Metals,4 - Perfeito
Molden Heath,Besateoden,Horaka,4,Ionic Solutions,3 - Rico
Molden Heath,Besateoden,Horaka,5,Lustering Alloy,3 - Rico
Molden Heath,Besateoden,Horaka,5,Base Metals,2 - Médio
Molden Heath,Besateoden,Horaka,5,Reactive Metals,3 - Rico
Molden Heath,Besateoden,Horaka,6,Lustering Alloy,1 - Pobre
Molden Heath,Besateoden,Horaka,6,Base Metals,2 - Médio
Molden Heath,Besateoden,Horaka,7,Lustering Alloy,2 - Médio
Molden Heath,Besateoden,Horaka,7,Base Metals,1 - Pobre
Molden Heath,Besateoden,Horaka,8,Lustering Alloy,2 - Médio
Molden Heath,Besateoden,Horaka,8,Base Metals,2 - Médio
Molden Heath,Besateoden,Horaka,9,Lustering Alloy,2 - Médio
Molden Heath,Besateoden,Horaka,9,Base Metals,1 - Pobre
Molden Heath,Besateoden,Eldulf,1,Lustering Alloy,2 - Médio
Molden Heath,Besateoden,Eldulf,1,Base Metals,2 - Médio
Molden Heath,Besateoden,Eldulf,2,Motley Compound,3 - Rico
Molden Heath,Besateoden,Eldulf,2,Construction Blocks,3 - Rico
Molden Heath,Besateoden,Eldulf,3,Condensed Alloy,2 - Médio
Molden Heath,Besateoden,Eldulf,3,Opulent Compound,3 - Rico
Molden Heath,Besateoden,Eldulf,3,Heavy Water,2 - Médio
Molden Heath,Besateoden,Eldulf,4,Lustering Alloy,3 - Rico
Molden Heath,Besateoden,Eldulf,4,Glossy Compound,2 - Médio
Molden Heath,Besateoden,Eldulf,4,Base Metals,2 - Médio
Molden Heath,Besateoden,Eldulf,5,Lustering Alloy,3 - Rico
Molden Heath,Besateoden,Eldulf,5,Glossy Compound,3 - Rico
Molden Heath,Besateoden,Eldulf,5,Base Metals,2 - Médio
Molden Heath,Besateoden,Eldulf,6,Lustering Alloy,3 - Rico
Molden Heath,Besateoden,Eldulf,6,Base Metals,2 - Médio
Molden Heath,Besateoden,Eldulf,6,Reactive Metals,3 - Rico
Molden Heath,Besateoden,Varigne,1,Lustering Alloy,1 - Pobre
Molden Heath,Besateoden,Varigne,1,Base Metals,2 - Médio
Molden Heath,Besateoden,Varigne,2,Motley Compound,2 - Médio
Molden Heath,Besateoden,Varigne,2,Glossy Compound,3 - Rico
Molden Heath,Besateoden,Varigne,3,Toxic Metals,2 - Médio
Molden Heath,Besateoden,Varigne,3,Suspended Plasma,3 - Rico
Molden Heath,Besateoden,Varigne,4,Lustering Alloy,1 - Pobre
Molden Heath,Besateoden,Varigne,4,Base Metals,2 - Médio
Molden Heath,Besateoden,Varigne,5,Lustering Alloy,2 - Médio
Molden Heath,Besateoden,Varigne,5,Base Metals,1 - Pobre
Molden Heath,Besateoden,Varigne,6,Lustering Alloy,2 - Médio
Molden Heath,Besateoden,Varigne,6,Noble Gas,1 - Pobre
Molden Heath,Besateoden,Varigne,6,Base Metals,3 - Rico
Molden Heath,Besateoden,Varigne,7,Lustering Alloy,3 - Rico
Molden Heath,Besateoden,Varigne,7,Base Metals,2 - Médio
Molden Heath,Besateoden,Varigne,7,Ionic Solutions,3 - Rico
Molden Heath,Besateoden,Varigne,8,Lustering Alloy,2 - Médio
Molden Heath,Besateoden,Varigne,8,Base Metals,3 - Rico
Molden Heath,Besateoden,Varigne,8,Polyaramids,2 - Médio
Molden Heath,Besateoden,Varigne,9,Motley Compound,1 - Pobre
Molden Heath,Besateoden,Varigne,9,Plasmoids,2 - Médio
Molden Heath,Besateoden,Varigne,10,Lustering Alloy,2 - Médio
Molden Heath,Besateoden,Varigne,10,Base Metals,2 - Médio
Molden Heath,Besateoden,Orien,1,Lustering Alloy,2 - Médio
Molden Heath,Besateoden,Orien,1,Base Metals,1 - Pobre
Molden Heath,Besateoden,Orien,2,Lustering Alloy,1 - Pobre
Molden Heath,Besateoden,Orien,2,Base Metals,2 - Médio
Molden Heath,Besateoden,Orien,3,Reactive Metals,2 - Médio
Molden Heath,Besateoden,Orien,3,Suspended Plasma,4 - Perfeito
Molden Heath,Besateoden,Orien,4,Noble Metals,2 - Médio
Molden Heath,Besateoden,Orien,4,Condensates,3 - Rico
Molden Heath,Besateoden,Orien,4,Heavy Water,3 - Rico
Molden Heath,Besateoden,Orien,5,Condensed Alloy,2 - Médio
Molden Heath,Besateoden,Orien,5,Condensates,4 - Perfeito
Molden Heath,Besateoden,Orien,5,Heavy Water,3 - Rico
Molden Heath,Almur,Istodard,1,Toxic Metals,2 - Médio
Molden Heath,Almur,Istodard,1,Industrial Fibers,2 - Médio
Molden Heath,Almur,Istodard,2,Plasmoids,1 - Pobre
Molden Heath,Almur,Istodard,2,Precious Alloy,2 - Médio
Molden Heath,Almur,Istodard,2,Base Metals,2 - Médio
Molden Heath,Almur,Istodard,2,Industrial Fibers,1 - Pobre
Molden Heath,Almur,Istodard,3,Cristal Compound,1 - Pobre
Molden Heath,Almur,Istodard,3,Reactive Metals,3 - Rico
Molden Heath,Almur,Istodard,3,Construction Blocks,3 - Rico
Molden Heath,Almur,Istodard,4,Industrial Fibers,2 - Médio
Molden Heath,Almur,Istodard,4,Construction Blocks,2 - Médio
Molden Heath,Almur,Istodard,4,Oxygen Isotopes,2 - Médio
Molden Heath,Almur,Istodard,5,Dark Compound,2 - Médio
Molden Heath,Almur,Istodard,5,Industrial Fibers,2 - Médio
Molden Heath,Almur,Istodard,5,Oxygen Isotopes,1 - Pobre
Molden Heath,Almur,Istodard,6,Polyaramids,4 - Perfeito
Molden Heath,Almur,Istodard,6,Coolant,2 - Médio
Molden Heath,Almur,Istodard,6,Silicate Glass,2 - Médio
Molden Heath,Almur,Istodard,6,Liquid Zone,3 - Rico
Molden Heath,Almur,Istodard,7,Fiber Composite,3 - Rico
Molden Heath,Almur,Istodard,7,Reactive Gas,1 - Pobre
Molden Heath,Almur,Istodard,7,Noble Gas,2 - Médio
Molden Heath,Almur,Istodard,7,Polyaramids,2 - Médio
Molden Heath,Almur,Istodard,8,Sheen Compound,3 - Rico
Molden Heath,Almur,Istodard,8,Glossy Compound,2 - Médio
Molden Heath,Almur,Istodard,8,Noble Gas,3 - Rico
Molden Heath,Almur,Istodard,8,Ionic Solutions,4 - Perfeito
Molden Heath,Almur,Istodard,9,Noble Gas,3 - Rico
Molden Heath,Almur,Istodard,9,Base Metals,3 - Rico
Molden Heath,Almur,Istodard,9,Polyaramids,1 - Pobre
Molden Heath,Almur,Istodard,9,Ionic Solutions,2 - Médio
Molden Heath,Almur,Altbrard,1,Lustering Alloy,1 - Pobre
Molden Heath,Almur,Altbrard,1,Industrial Fibers,1 - Pobre
Molden Heath,Almur,Altbrard,1,Oxygen Isotopes,1 - Pobre
Molden Heath,Almur,Altbrard,2,Industrial Fibers,1 - Pobre
Molden Heath,Almur,Altbrard,2,Construction Blocks,1 - Pobre
Molden Heath,Almur,Altbrard,2,Silicate Glass,1 - Pobre
Molden Heath,Almur,Altbrard,3,Lustering Alloy,2 - Médio
Molden Heath,Almur,Altbrard,3,Industrial Fibers,1 - Pobre
Molden Heath,Almur,Altbrard,3,Plasmoids,1 - Pobre
Molden Heath,Almur,Altbrard,4,Precious Alloy,2 - Médio
Molden Heath,Almur,Altbrard,4,Industrial Fibers,2 - Médio
Molden Heath,Almur,Altbrard,4,Silicate Glass,1 - Pobre
Molden Heath,Almur,Altbrard,5,Condensed Alloy,3 - Rico
Molden Heath,Almur,Altbrard,5,Noble Metals,2 - Médio
Molden Heath,Almur,Altbrard,5,Coolant,3 - Rico
Molden Heath,Almur,Altbrard,5,Liquid Ozone,4 - Perfeito
Molden Heath,Almur,Altbrard,6,Fiber Composite,3 - Rico
Molden Heath,Almur,Altbrard,6,Industrial Fibers,2 - Médio
Molden Heath,Almur,Altbrard,6,Condensates,3 - Rico
Molden Heath,Almur,Altbrard,6,Liquid Ozone,2 - Médio
Molden Heath,Almur,Altbrard,7,Sheen Compound,1 - Pobre
Molden Heath,Almur,Altbrard,7,Glossy Compound,2 - Médio
Molden Heath,Almur,Altbrard,7,Noble Gas,2 - Médio
Molden Heath,Almur,Altbrard,7,Coolant,2 - Médio
Molden Heath,Almur,Altbrard,8,Industrial Fibers,1 - Pobre
Molden Heath,Almur,Altbrard,8,Supertensile Plastics,1 - Pobre
Molden Heath,Almur,Altbrard,8,Construction Blocks,2 - Médio
Molden Heath,Almur,Altbrard,9,Lustering Alloy,2 - Médio
Molden Heath,Almur,Altbrard,9,Noble Gas,4 - Perfeito
Molden Heath,Almur,Altbrard,9,Polyaramids,3 - Rico
Molden Heath,Almur,Altbrard,9,Coolant,3 - Rico
Molden Heath,Almur,Altbrard,10,Precious Alloy,2 - Médio
Molden Heath,Almur,Altbrard,10,Base Metals,2 - Médio
Molden Heath,Almur,Altbrard,10,Industrial Fibers,1 - Pobre
Molden Heath,Almur,Altbrard,11,Fiber Composite,2 - Médio
Molden Heath,Almur,Altbrard,11,Noble Gas,3 - Rico
Molden Heath,Almur,Altbrard,11,Reactive Metals,3 - Rico
Molden Heath,Almur,Altbrard,11,Coolant,3 - Rico
Molden Heath,Almur,Altbrard,12,Precious Alloy,3 - Rico
Molden Heath,Almur,Altbrard,12,Base Metals,2 - Médio
Molden Heath,Almur,Altbrard,12,Coolant,1 - Pobre
Molden Heath,Almur,Gonheim,1,Industrial Fibers,2 - Médio
Molden Heath,Almur,Gonheim,1,Construction Blocks,1 - Pobre
Molden Heath,Almur,Gonheim,1,Silicate Glass,2 - Médio
Molden Heath,Almur,Gonheim,2,Glossy Compound,3 - Rico
Molden Heath,Almur,Gonheim,2,Noble Gas,3 - Rico
Molden Heath,Almur,Gonheim,3,Sheen Compound,1 - Pobre
Molden Heath,Almur,Gonheim,3,Fiber Composite,3 - Rico
Molden Heath,Almur,Gonheim,3,Noble Gas,2 - Médio
Molden Heath,Almur,Gonheim,3,Coolant,3 - Rico
Molden Heath,Almur,Gonheim,4,Reactive Gas,3 - Rico
Molden Heath,Almur,Gonheim,4,Noble Gas,4 - Perfeito
Molden Heath,Almur,Gonheim,4,Reactive Metals,2 - Médio
Molden Heath,Almur,Gonheim,4,Ionic Solutions,3 - Rico
Molden Heath,Almur,Gonheim,5,Lustering Alloy,4 - Perfeito
Molden Heath,Almur,Gonheim,5,Fiber Composite,3 - Rico
Molden Heath,Almur,Gonheim,5,Noble Gas,1 - Pobre
Molden Heath,Almur,Gonheim,5,Ionic Solutions,3 - Rico
Molden Heath,Almur,Gonheim,6,Lustering Alloy,2 - Médio
Molden Heath,Almur,Gonheim,6,Industrial Fibers,2 - Médio
Molden Heath,Almur,Gonheim,6,Supertensile Plastics,2 - Médio
Molden Heath,Almur,Gonheim,7,Coolant,3 - Rico
Molden Heath,Almur,Gonheim,7,Heavy Water,2 - Médio
Molden Heath,Almur,Gonheim,7,Liquid Zone,3 - Rico
Molden Heath,Almur,Gonheim,7,Ionic Solutions,3 - Rico
Molden Heath,Almur,Hedaleolfarber,1,Gleaming Alloy,3 - Rico
Molden Heath,Almur,Hedaleolfarber,1,Noble Gas,1 - Pobre
Molden Heath,Almur,Hedaleolfarber,2,Industrial Fibers,1 - Pobre
Molden Heath,Almur,Hedaleolfarber,2,Construction Blocks,1 - Pobre
Molden Heath,Almur,Hedaleolfarber,2,Plasmoids,1 - Pobre
Molden Heath,Almur,Hedaleolfarber,3,Fiber Composite,4 - Perfeito
Molden Heath,Almur,Hedaleolfarber,3,Reactive Gas,2 - Médio
Molden Heath,Almur,Hedaleolfarber,3,Noble Metals,4 - Perfeito
Molden Heath,Almur,Hedaleolfarber,3,Heavy Water,3 - Rico
Molden Heath,Almur,Hedaleolfarber,4,Lustering Alloy,1 - Pobre
Molden Heath,Almur,Hedaleolfarber,4,Noble Gas,1 - Pobre
Molden Heath,Almur,Hedaleolfarber,4,Reactive Metals,4 - Perfeito
Molden Heath,Almur,Hedaleolfarber,4,Polyaramids,3 - Rico
Molden Heath,Almur,Hedaleolfarber,5,Toxic Metals,2 - Médio
Molden Heath,Almur,Hedaleolfarber,5,Industrial Fibers,1 - Pobre
Molden Heath,Almur,Hedaleolfarber,5,Oxygen Isotopes,1 - Pobre
Molden Heath,Almur,Hedaleolfarber,6,Sheen Compound,1 - Pobre
Molden Heath,Almur,Hedaleolfarber,6,Fiber Composite,3 - Rico
Molden Heath,Almur,Hedaleolfarber,6,Noble Gas,3 - Rico
Molden Heath,Almur,Hedaleolfarber,6,Ionic Solutions,3 - Rico
Molden Heath,Almur,Hedaleolfarber,7,Fiber Composite,4 - Perfeito
Molden Heath,Almur,Hedaleolfarber,7,Noble Gas,3 - Rico
Molden Heath,Almur,Hedaleolfarber,7,Base Metals,3 - Rico
Molden Heath,Almur,Hedaleolfarber,7,Coolant,2 - Médio
Molden Heath,Almur,Hedaleolfarber,8,Base Metals,2 - Médio
Molden Heath,Almur,Hedaleolfarber,8,Toxic Metals,1 - Pobre
Molden Heath,Almur,Hedaleolfarber,8,Industrial Fibers,2 - Médio
Molden Heath,Almur,Hedaleolfarber,9,Noble Gas,2 - Médio
Molden Heath,Almur,Hedaleolfarber,9,Reactive Metals,3 - Rico
Molden Heath,Almur,Hedaleolfarber,9,Coolant,3 - Rico
Molden Heath,Almur,Hedaleolfarber,9,Ionic Solutions,2 - Médio
Molden Heath,Almur,Hedaleolfarber,10,Motley Compound,2 - Médio
Molden Heath,Almur,Hedaleolfarber,10,Base Metals,1 - Pobre
Molden Heath,Almur,Hedaleolfarber,10,Coolant,2 - Médio
Molden Heath,Almur,Half,1,Gleaming Alloy,2 - Médio
Molden Heath,Almur,Half,1,Noble Gas,1 - Pobre
Molden Heath,Almur,Half,2,Lustering Alloy,1 - Pobre
Molden Heath,Almur,Half,2,Precious Alloy,2 - Médio
Molden Heath,Almur,Half,2,Industrial Fibers,1 - Pobre
Molden Heath,Almur,Half,3,Industrial Fibers,2 - Médio
Molden Heath,Almur,Half,3,Silicate Glass,1 - Pobre
Molden Heath,Almur,Half,3,Plasmoids,1 - Pobre
Molden Heath,Almur,Half,4,Lustering Alloy,1 - Pobre
Molden Heath,Almur,Half,4,Industrial Fibers,1 - Pobre
Molden Heath,Almur,Half,4,Plasmoids,2 - Médio
Molden Heath,Almur,Half,5,Construction Blocks,3 - Rico
Molden Heath,Almur,Half,5,Suspended Plasma,2 - Médio
Molden Heath,Almur,Half,5,Oxygen Isotopes,2 - Médio
Molden Heath,Almur,Half,6,Industrial Fibers,1 - Pobre
Molden Heath,Almur,Half,6,Silicate Glass,2 - Médio
Molden Heath,Almur,Half,6,Plasmoids,2 - Médio
Molden Heath,Almur,Half,7,Lustering Alloy,3 - Rico
Molden Heath,Almur,Half,7,Reactive Gas,3 - Rico
Molden Heath,Almur,Half,7,Noble Gas,1 - Pobre
Molden Heath,Almur,Half,7,Coolant,2 - Médio
Molden Heath,Almur,Half,8,Toxic Metals,2 - Médio
Molden Heath,Almur,Half,8,Industrial Fibers,2 - Médio
Molden Heath,Almur,Half,8,Construction Blocks,1 - Pobre
Molden Heath,Almur,Half,9,Lustering Alloy,3 - Rico
Molden Heath,Almur,Half,9,Fiber Composite,3 - Rico
Molden Heath,Almur,Half,9,Reactive Gas,1 - Pobre
Molden Heath,Almur,Half,9,Noble Gas,2 - Médio
Molden Heath,Almur,Half,10,Fiber Composite,1 - Pobre
Molden Heath,Almur,Half,10,Noble Gas,4 - Perfeito
Molden Heath,Almur,Half,10,Base Metals,3 - Rico
Molden Heath,Almur,Half,10,Reactive Metals,2 - Médio
Molden Heath,Almur,Sakulda,1,Noble Gas,4 - Perfeito
Molden Heath,Almur,Sakulda,1,Plasmoids,4 - Perfeito
Molden Heath,Almur,Sakulda,2,Industrial Fibers,2 - Médio
Molden Heath,Almur,Sakulda,2,Silicate Glass,1 - Pobre
Molden Heath,Almur,Sakulda,2,Plasmoids,2 - Médio
Molden Heath,Almur,Sakulda,3,Dark Compound,1 - Pobre
Molden Heath,Almur,Sakulda,3,Industrial Fibers,1 - Pobre
Molden Heath,Almur,Sakulda,3,Oxygen Isotopes,2 - Médio
Molden Heath,Almur,Sakulda,4,Lustering Alloy,2 - Médio
Molden Heath,Almur,Sakulda,4,Industrial Fibers,1 - Pobre
Molden Heath,Almur,Sakulda,4,Oxygen Isotopes,2 - Médio
Molden Heath,Almur,Sakulda,5,Fiber Composite,1 - Pobre
Molden Heath,Almur,Sakulda,5,Opulent Compound,4 - Perfeito
Molden Heath,Almur,Sakulda,5,Reactive Gas,2 - Médio
Molden Heath,Almur,Sakulda,5,Base Metals,2 - Médio
Molden Heath,Almur,Sakulda,6,Fiber Composite,3 - Rico
Molden Heath,Almur,Sakulda,6,Opulent Compound,2 - Médio
Molden Heath,Almur,Sakulda,6,Reactive Gas,2 - Médio
Molden Heath,Almur,Sakulda,6,Liquid Ozone,4 - Perfeito
Molden Heath,Almur,Sakulda,7,Condensed Alloy,3 - Rico
Molden Heath,Almur,Sakulda,7,Fiber Composite,3 - Rico
Molden Heath,Almur,Sakulda,7,Reactive Gas,4 - Perfeito
Molden Heath,Almur,Sakulda,7,Liquid Ozone,2 - Médio
Molden Heath,Almur,Sakulda,8,Fiber Composite,3 - Rico
Molden Heath,Almur,Sakulda,8,Noble Gas,3 - Rico
Molden Heath,Almur,Sakulda,8,Reactive Metals,3 - Rico
Molden Heath,Almur,Sakulda,8,Coolant,3 - Rico
Molden Heath,Almur,Sakulda,9,Noble Gas,2 - Médio
Molden Heath,Almur,Sakulda,9,Reactive Metals,2 - Médio
Molden Heath,Almur,Sakulda,9,Polyaramids,3 - Rico
Molden Heath,Almur,Sakulda,9,Ionic Solutions,1 - Pobre
Molden Heath,Eoldulf,Ennur,1,Gleaming Alloy,2 - Médio
Molden Heath,Eoldulf,Ennur,1,SmartFab Units,3 - Rico
Molden Heath,Eoldulf,Ennur,1,Oxygen Isotopes,3 - Rico
Molden Heath,Eoldulf,Ennur,2,Dark Compound,2 - Médio
Molden Heath,Eoldulf,Ennur,2,Supertensile Plastics,1 - Pobre
Molden Heath,Eoldulf,Ennur,2,Construction Blocks,2 - Médio
Molden Heath,Eoldulf,Ennur,2,Oxygen Isotopes,2 - Médio
Molden Heath,Eoldulf,Ennur,3,Dark Compound,1 - Pobre
Molden Heath,Eoldulf,Ennur,3,Base Metals,2 - Médio
Molden Heath,Eoldulf,Ennur,3,Supertensile Plastics,1 - Pobre
Molden Heath,Eoldulf,Ennur,3,Oxygen Isotopes,2 - Médio
Molden Heath,Eoldulf,Ennur,4,Condensed Alloy,2 - Médio
Molden Heath,Eoldulf,Ennur,4,Toxic Metals,2 - Médio
Molden Heath,Eoldulf,Ennur,4,Polyaramids,2 - Médio
Molden Heath,Eoldulf,Ennur,4,Liquid Ozone,4 - Perfeito
Molden Heath,Eoldulf,Ennur,4,Ionic Solutions,3 - Rico
Molden Heath,Eoldulf,Ennur,5,Lustering Alloy,2 - Médio
Molden Heath,Eoldulf,Ennur,5,Base Metals,1 - Pobre
Molden Heath,Eoldulf,Ennur,5,Supertensile Plastics,2 - Médio
Molden Heath,Eoldulf,Ennur,5,Plasmoids,1 - Pobre
Molden Heath,Eoldulf,Ennur,6,Reactive Gas,3 - Rico
Molden Heath,Eoldulf,Ennur,6,Industrial Fibers,3 - Rico
Molden Heath,Eoldulf,Ennur,6,SmartFab Units,4 - Perfeito
Molden Heath,Eoldulf,Ennur,6,Heavy Water,4 - Perfeito
Molden Heath,Eoldulf,Ennur,6,Liquid Ozone,2 - Médio
Molden Heath,Eoldulf,Ennur,7,Fiber Composite,3 - Rico
Molden Heath,Eoldulf,Ennur,7,Glossy Compound,3 - Rico
Molden Heath,Eoldulf,Ennur,7,Reactive Gas,2 - Médio
Molden Heath,Eoldulf,Ennur,7,Reactive Metals,3 - Rico
Molden Heath,Eoldulf,Ennur,7,Coolant,2 - Médio
Molden Heath,Eoldulf,Ennur,8,Glossy Compound,1 - Pobre
Molden Heath,Eoldulf,Ennur,8,Reactive Gas,3 - Rico
Molden Heath,Eoldulf,Ennur,8,Base Metals,2 - Médio
Molden Heath,Eoldulf,Ennur,8,Reactive Metals,3 - Rico
Molden Heath,Eoldulf,Ennur,8,Coolant,3 - Rico
Molden Heath,Eoldulf,Ennur,9,Lustering Alloy,2 - Médio
Molden Heath,Eoldulf,Ennur,9,Glossy Compound,2 - Médio
Molden Heath,Eoldulf,Ennur,9,Reactive Gas,3 - Rico
Molden Heath,Eoldulf,Ennur,9,Coolant,3 - Rico
Molden Heath,Eoldulf,Ennur,9,Ionic Solutions,1 - Pobre
Molden Heath,Eoldulf,Ennur,10,Reactive Gas,3 - Rico
Molden Heath,Eoldulf,Ennur,10,Base Metals,2 - Médio
Molden Heath,Eoldulf,Ennur,10,Reactive Metals,2 - Médio
Molden Heath,Eoldulf,Ennur,10,Polyaramids,2 - Médio
Molden Heath,Eoldulf,Ennur,10,Coolant,1 - Pobre
Molden Heath,Eoldulf,Skarkon,1,Gleaming Alloy,2 - Médio
Molden Heath,Eoldulf,Skarkon,1,Construction Blocks,3 - Rico
Molden Heath,Eoldulf,Skarkon,1,Oxygen Isotopes,3 - Rico
Molden Heath,Eoldulf,Skarkon,2,Reactive Gas,4 - Perfeito
Molden Heath,Eoldulf,Skarkon,2,Noble Metals,4 - Perfeito
Molden Heath,Eoldulf,Skarkon,2,Industrial Fibers,3 - Rico
Molden Heath,Eoldulf,Skarkon,2,smartFab Units,4 - Perfeito
Molden Heath,Eoldulf,Skarkon,2,Liquid Ozone,3 - Rico
Molden Heath,Eoldulf,Skarkon,3,Lustering Alloy,2 - Médio
Molden Heath,Eoldulf,Skarkon,3,Sheen Compound,2 - Médio
Molden Heath,Eoldulf,Skarkon,3,Reactive Gas,3 - Rico
Molden Heath,Eoldulf,Skarkon,3,Polyaramids,2 - Médio
Molden Heath,Eoldulf,Skarkon,3,Ionic Solutions,2 - Médio
Molden Heath,Eoldulf,Skarkon,4,Lustering Alloy,3 - Rico
Molden Heath,Eoldulf,Skarkon,4,Fiber Composite,3 - Rico
Molden Heath,Eoldulf,Skarkon,4,Reactive Gas,2 - Médio
Molden Heath,Eoldulf,Skarkon,4,Noble Gas,3 - Rico
Molden Heath,Eoldulf,Skarkon,4,Coolant,4 - Perfeito
Molden Heath,Eoldulf,Skarkon,5,Precious Alloy,2 - Médio
Molden Heath,Eoldulf,Skarkon,5,dark Compound,1 - Pobre
Molden Heath,Eoldulf,Skarkon,5,Supertensile Plastics,2 - Médio
Molden Heath,Eoldulf,Skarkon,5,Silicate Glass,2 - Médio
Molden Heath,Eoldulf,Mimiror,1,Toxic Metals,2 - Médio
Molden Heath,Eoldulf,Mimiror,1,Industrial Fibers,2 - Médio
Molden Heath,Eoldulf,Mimiror,1,Construction Blocks,1 - Pobre
Molden Heath,Eoldulf,Mimiror,2,Gleaming Alloy,3 - Rico
Molden Heath,Eoldulf,Mimiror,2,Noble Gas,2 - Médio
Molden Heath,Eoldulf,Mimiror,3,Crystal Compound,2 - Médio
Molden Heath,Eoldulf,Mimiror,3,Construction Blocks,3 - Rico
Molden Heath,Eoldulf,Mimiror,3,Suspended Plasma,1 - Pobre
Molden Heath,Eoldulf,Mimiror,4,Construction Blocks,2 - Médio
Molden Heath,Eoldulf,Mimiror,4,Suspended Plasma,1 - Pobre
Molden Heath,Eoldulf,Mimiror,4,Oxygen Isotopes,2 - Médio
Molden Heath,Eoldulf,Mimiror,5,Reactive Metals,3 - Rico
Molden Heath,Eoldulf,Mimiror,5,Construction Blocks,4 - Perfeito
Molden Heath,Eoldulf,Mimiror,5,Suspended Plasma,3 - Rico
Molden Heath,Eoldulf,Mimiror,6,Lustering Alloy,1 - Pobre
Molden Heath,Eoldulf,Mimiror,6,Industrial Fibers,2 - Médio
Molden Heath,Eoldulf,Mimiror,6,Supertensile Plastics,2 - Médio
Molden Heath,Eoldulf,Mimiror,7,Base Metals,2 - Médio
Molden Heath,Eoldulf,Mimiror,7,Toxic Metals,1 - Pobre
Molden Heath,Eoldulf,Mimiror,7,Industrial Fibers,1 - Pobre
Molden Heath,Eoldulf,Mimiror,8,Industrial Fibers,2 - Médio
Molden Heath,Eoldulf,Mimiror,8,Silicate Glass,1 - Pobre
Molden Heath,Eoldulf,Mimiror,8,Oxygen Isotopes,2 - Médio
Molden Heath,Eoldulf,Mimiror,9,Fiber Composite,4 - Perfeito
Molden Heath,Eoldulf,Mimiror,9,Opulent Compound,3 - Rico
Molden Heath,Eoldulf,Mimiror,9,Reactive Gas,3 - Rico
Molden Heath,Eoldulf,Mimiror,9,Base Metals,4 - Perfeito
Molden Heath,Eoldulf,Fegomenko,1,Motley Compound,1 - Pobre
Molden Heath,Eoldulf,Fegomenko,1,Noble Metals,2 - Médio
Molden Heath,Eoldulf,Fegomenko,2,Lustering Alloy,2 - Médio
Molden Heath,Eoldulf,Fegomenko,2,Base Metals,1 - Pobre
Molden Heath,Eoldulf,Fegomenko,3,Lustering Alloy,2 - Médio
Molden Heath,Eoldulf,Fegomenko,3,Base Metals,2 - Médio
Molden Heath,Eoldulf,Fegomenko,4,Lustering Alloy,2 - Médio
Molden Heath,Eoldulf,Fegomenko,4,Base Metals,1 - Pobre
Molden Heath,Eoldulf,Fegomenko,5,Lustering Alloy,1 - Pobre
Molden Heath,Eoldulf,Fegomenko,5,Base Metals,2 - Médio
Molden Heath,Eoldulf,Fegomenko,6,Lustering Alloy,2 - Médio
Molden Heath,Eoldulf,Fegomenko,6,Glossy Compound,3 - Rico
Molden Heath,Eoldulf,Fegomenko,6,Base Metals,2 - Médio
Molden Heath,Eoldulf,Fegomenko,7,Reactive Gas,4 - Perfeito
Molden Heath,Eoldulf,Fegomenko,7,Condensates,3 - Rico
Molden Heath,Eoldulf,Fegomenko,7,Heavy Water,2 - Médio
Molden Heath,Eoldulf,Fegomenko,8,Fiber Composite,3 - Rico
Molden Heath,Eoldulf,Fegomenko,8,Opulent Compound,3 - Rico
Molden Heath,Eoldulf,Fegomenko,8,Heavy Water,2 - Médio
Molden Heath,Eoldulf,Fegomenko,9,Lustering Alloy,2 - Médio
Molden Heath,Eoldulf,Fegomenko,9,Base Metals,4 - Perfeito
Molden Heath,Eoldulf,Fegomenko,9,Coolant,1 - Pobre
Molden Heath,Eoldulf,Fegomenko,10,Lustering Alloy,3 - Rico
Molden Heath,Eoldulf,Fegomenko,10,Sheen Compound,3 - Rico
Molden Heath,Eoldulf,Fegomenko,10,Base Metals,3 - Rico
Molden Heath,Eoldulf,Fegomenko,11,Lustering Alloy,2 - Médio
Molden Heath,Eoldulf,Fegomenko,11,Sheen Compound,3 - Rico
Molden Heath,Eoldulf,Fegomenko,11,Base Metals,2 - Médio
Molden Heath,Eoldulf,Osvetur,1,Base Metals,1 - Pobre
Molden Heath,Eoldulf,Osvetur,1,Industrial Fibers,2 - Médio
Molden Heath,Eoldulf,Osvetur,1,Oxygen Isotopes,2 - Médio
Molden Heath,Eoldulf,Osvetur,2,Reactive Gas,4 - Perfeito
Molden Heath,Eoldulf,Osvetur,2,Supertensile Plastics,3 - Rico
Molden Heath,Eoldulf,Osvetur,2,Construction Blocks,3 - Rico
Molden Heath,Eoldulf,Osvetur,3,Precious Alloy,1 - Pobre
Molden Heath,Eoldulf,Osvetur,3,Toxic Metals,1 - Pobre
Molden Heath,Eoldulf,Osvetur,3,Industrial Fibers,1 - Pobre
Molden Heath,Eoldulf,Osvetur,4,Lustering Alloy,3 - Rico
Molden Heath,Eoldulf,Osvetur,4,Noble Gas,1 - Pobre
Molden Heath,Eoldulf,Osvetur,4,Polyaramids,2 - Médio
Molden Heath,Eoldulf,Osvetur,4,Ionic Solutions,3 - Rico
Molden Heath,Eoldulf,Osvetur,5,Condensed Alloy,3 - Rico
Molden Heath,Eoldulf,Osvetur,5,Fiber Composite,2 - Médio
Molden Heath,Eoldulf,Osvetur,5,Reactive Gas,2 - Médio
Molden Heath,Eoldulf,Osvetur,5,Industrial Fibers,2 - Médio
Molden Heath,Eoldulf,Osvetur,6,Reactive Gas,3 - Rico
Molden Heath,Eoldulf,Osvetur,6,Noble Gas,3 - Rico
Molden Heath,Eoldulf,Osvetur,6,Polyaramids,1 - Pobre
Molden Heath,Eoldulf,Osvetur,6,Coolant,3 - Rico
Molden Heath,Eoldulf,Osvetur,7,Sheen Compound,3 - Rico
Molden Heath,Eoldulf,Osvetur,7,Noble Gas,3 - Rico
Molden Heath,Eoldulf,Osvetur,7,Reactive Metals,2 - Médio
Molden Heath,Eoldulf,Osvetur,7,Polyaramids,3 - Rico
Molden Heath,Eoldulf,Osvetur,8,Fiber Composite,3 - Rico
Molden Heath,Eoldulf,Osvetur,8,Reactive Gas,2 - Médio
Molden Heath,Eoldulf,Osvetur,8,Noble Gas,1 - Pobre
Molden Heath,Eoldulf,Osvetur,8,Reactive Metals,1 - Pobre
Molden Heath,Eoldulf,Unertek,1,Toxic Metals,1 - Pobre
Molden Heath,Eoldulf,Unertek,1,Industrial Fibers,2 - Médio
Molden Heath,Eoldulf,Unertek,1,Supertensile Plastics,1 - Pobre
Molden Heath,Eoldulf,Unertek,2,Noble Gas,2 - Médio
Molden Heath,Eoldulf,Unertek,2,Oxygen Isotopes,2 - Médio
Molden Heath,Eoldulf,Unertek,3,Precious Alloy,2 - Médio
Molden Heath,Eoldulf,Unertek,3,Toxic Metals,2 - Médio
Molden Heath,Eoldulf,Unertek,3,Industrial Fibers,2 - Médio
Molden Heath,Eoldulf,Unertek,4,Sheen Compound,2 - Médio
Molden Heath,Eoldulf,Unertek,4,Heavy Metals,3 - Rico
Molden Heath,Eoldulf,Unertek,4,Nanites,3 - Rico
Molden Heath,Eoldulf,Unertek,4,Ionic Solutions,2 - Médio
Molden Heath,Eoldulf,Unertek,5,Base Metals,2 - Médio
Molden Heath,Eoldulf,Unertek,5,Industrial Fibers,2 - Médio
Molden Heath,Eoldulf,Unertek,5,Construction Blocks,2 - Médio
Molden Heath,Eoldulf,Unertek,6,Lustering Alloy,4 - Perfeito
Molden Heath,Eoldulf,Unertek,6,Fiber Composite,3 - Rico
Molden Heath,Eoldulf,Unertek,6,Glossy Compound,2 - Médio
Molden Heath,Eoldulf,Unertek,6,Noble Gas,3 - Rico
Molden Heath,Eoldulf,Unertek,7,Reactive Metals,3 - Rico
Molden Heath,Eoldulf,Unertek,7,Construction Blocks,2 - Médio
Molden Heath,Eoldulf,Unertek,7,Suspended Plasma,3 - Rico
Molden Heath,Eoldulf,Unertek,8,Fiber Composite,2 - Médio
Molden Heath,Eoldulf,Unertek,8,Noble Gas,4 - Perfeito
Molden Heath,Eoldulf,Unertek,8,Polyaramids,1 - Pobre
Molden Heath,Eoldulf,Unertek,8,Coolant,2 - Médio
Molden Heath,Eoldulf,Unertek,9,Fiber Composite,2 - Médio
Molden Heath,Eoldulf,Unertek,9,Noble Gas,3 - Rico
Molden Heath,Eoldulf,Unertek,9,Reactive Metals,4 - Perfeito
Molden Heath,Eoldulf,Unertek,9,Polyaramids,4 - Perfeito
Molden Heath,Eoldulf,Unertek,10,Crystal Compound,4 - Perfeito
Molden Heath,Eoldulf,Unertek,10,Toxic Metals,3 - Rico
Molden Heath,Eoldulf,Unertek,10,Coolant,3 - Rico
Molden Heath,Eoldulf,Unertek,10,Silicate Glass,2 - Médio
Molden Heath,Elfrard,Klingt,1,Dark Compound,2 - Médio
Molden Heath,Elfrard,Klingt,1,Industrial Fibers,1 - Pobre
Molden Heath,Elfrard,Klingt,1,Silicate Glass,2 - Médio
Molden Heath,Elfrard,Klingt,2,Industrial Fibers,1 - Pobre
Molden Heath,Elfrard,Klingt,2,Construction Blocks,1 - Pobre
Molden Heath,Elfrard,Klingt,2,Oxygen Isotopes,2 - Médio
Molden Heath,Elfrard,Klingt,3,Dark Compound,2 - Médio
Molden Heath,Elfrard,Klingt,3,Industrial Fibers,1 - Pobre
Molden Heath,Elfrard,Klingt,3,Construction Blocks,1 - Pobre
Molden Heath,Elfrard,Klingt,4,Glossy Compound,3 - Rico
Molden Heath,Elfrard,Klingt,4,Noble Gas,3 - Rico
Molden Heath,Elfrard,Klingt,5,Lustering Alloy,1 - Pobre
Molden Heath,Elfrard,Klingt,5,Industrial Fibers,1 - Pobre
Molden Heath,Elfrard,Klingt,5,Construction Blocks,2 - Médio
Molden Heath,Elfrard,Klingt,6,Fiber Composite,3 - Rico
Molden Heath,Elfrard,Klingt,6,Base Metals,2 - Médio
Molden Heath,Elfrard,Klingt,6,Noble Metals,2 - Médio
Molden Heath,Elfrard,Klingt,6,Liquid Ozone,4 - Perfeito
Molden Heath,Elfrard,Klingt,7,Opulent Compound,3 - Rico
Molden Heath,Elfrard,Klingt,7,Toxic Metals,2 - Médio
Molden Heath,Elfrard,Klingt,7,Polyaramids,2 - Médio
Molden Heath,Elfrard,Klingt,7,Coolant,1 - Pobre
Molden Heath,Elfrard,Klingt,8,Condensed Alloy,1 - Pobre
Molden Heath,Elfrard,Klingt,8,Fiber Composite,4 - Perfeito
Molden Heath,Elfrard,Klingt,8,Base Metals,2 - Médio
Molden Heath,Elfrard,Klingt,8,Industrial Fibers,3 - Rico
Molden Heath,Elfrard,Klingt,9,Sheen Compound,2 - Médio
Molden Heath,Elfrard,Klingt,9,Fiber Composite,3 - Rico
Molden Heath,Elfrard,Klingt,9,Noble Gas,1 - Pobre
Molden Heath,Elfrard,Klingt,9,Ionic Solutions,2 - Médio
Molden Heath,Elfrard,Klingt,10,Fiber Composite,3 - Rico
Molden Heath,Elfrard,Klingt,10,Reactive Gas,3 - Rico
Molden Heath,Elfrard,Klingt,10,Base Metals,3 - Rico
Molden Heath,Elfrard,Klingt,10,SmartFab Units,4 - Perfeito
Molden Heath,Elfrard,Weld,1,Base Metals,1 - Pobre
Molden Heath,Elfrard,Weld,1,Industrial Fibers,2 - Médio
Molden Heath,Elfrard,Weld,1,Supertensile Plastics,2 - Médio
Molden Heath,Elfrard,Weld,2,Gleaming Alloy,3 - Rico
Molden Heath,Elfrard,Weld,2,Noble Gas,3 - Rico
Molden Heath,Elfrard,Weld,3,Reactive Gas,1 - Pobre
Molden Heath,Elfrard,Weld,3,Noble Gas,3 - Rico
Molden Heath,Elfrard,Weld,3,Coolant,1 - Pobre
Molden Heath,Elfrard,Weld,3,Ionic Solutions,2 - Médio
Molden Heath,Elfrard,Weld,4,Fiber Composite,3 - Rico
Molden Heath,Elfrard,Weld,4,Noble Gas,2 - Médio
Molden Heath,Elfrard,Weld,4,Polyaramids,3 - Rico
Molden Heath,Elfrard,Weld,4,Coolant,4 - Perfeito
Molden Heath,Elfrard,Weld,5,Lustering Alloy,2 - Médio
Molden Heath,Elfrard,Weld,5,Glossy Compound,2 - Médio
Molden Heath,Elfrard,Weld,5,Noble Gas,2 - Médio
Molden Heath,Elfrard,Weld,5,Coolant,3 - Rico
Molden Heath,Elfrard,Weld,6,Base Metals,1 - Pobre
Molden Heath,Elfrard,Weld,6,Coolant,1 - Pobre
Molden Heath,Elfrard,Weld,6,Liquid Ozone,1 - Pobre
Molden Heath,Elfrard,Aeditide,1,Industrial Fibers,2 - Médio
Molden Heath,Elfrard,Aeditide,1,Supertensile Plastics,1 - Pobre
Molden Heath,Elfrard,Aeditide,1,Plasmoids,1 - Pobre
Molden Heath,Elfrard,Aeditide,2,Industrial Fibers,2 - Médio
Molden Heath,Elfrard,Aeditide,2,Supertensile Plastics,1 - Pobre
Molden Heath,Elfrard,Aeditide,2,Silicate Glass,1 - Pobre
Molden Heath,Elfrard,Aeditide,3,Toxic Metals,1 - Pobre
Molden Heath,Elfrard,Aeditide,3,Industrial Fibers,2 - Médio
Molden Heath,Elfrard,Aeditide,3,Construction Blocks,2 - Médio
Molden Heath,Elfrard,Aeditide,4,Noble Gas,2 - Médio
Molden Heath,Elfrard,Aeditide,4,Heavy Metals,3 - Rico
Molden Heath,Elfrard,Aeditide,5,Condensed Alloy,4 - Perfeito
Molden Heath,Elfrard,Aeditide,5,Fiber Composite,2 - Médio
Molden Heath,Elfrard,Aeditide,5,Heavy Water,3 - Rico
Molden Heath,Elfrard,Aeditide,5,Liquid Ozone,4 - Perfeito
Molden Heath,Elfrard,Aeditide,6,Fiber Composite,4 - Perfeito
Molden Heath,Elfrard,Aeditide,6,Industrial Fibers,3 - Rico
Molden Heath,Elfrard,Aeditide,6,Heavy Water,1 - Pobre
Molden Heath,Elfrard,Aeditide,6,Liquid Ozone,3 - Rico
Molden Heath,Elfrard,Egbinger,1,Supertensile Plastics,2 - Médio
Molden Heath,Elfrard,Egbinger,1,Construction Blocks,1 - Pobre
Molden Heath,Elfrard,Egbinger,1,Oxygen Isotopes,1 - Pobre
Molden Heath,Elfrard,Egbinger,1,Plasmoids,2 - Médio
Molden Heath,Elfrard,Egbinger,2,Gleaming Alloy,3 - Rico
Molden Heath,Elfrard,Egbinger,2,Noble Gas,2 - Médio
Molden Heath,Elfrard,Egbinger,2,Noble Metals,2 - Médio
Molden Heath,Elfrard,Egbinger,3,Lucent Compound,3 - Rico
Molden Heath,Elfrard,Egbinger,3,Reactive Gas,3 - Rico
Molden Heath,Elfrard,Egbinger,3,Reactive Metals,2 - Médio
Molden Heath,Elfrard,Egbinger,3,Suspended Plasma,3 - Rico
Molden Heath,Elfrard,Egbinger,4,Gleaming Alloy,2 - Médio
Molden Heath,Elfrard,Egbinger,4,Heavy Metals,2 - Médio
Molden Heath,Elfrard,Egbinger,4,Plasmoids,2 - Médio
Molden Heath,Elfrard,Egbinger,5,Reactive Metals,3 - Rico
Molden Heath,Elfrard,Egbinger,5,Toxic Metals,2 - Médio
Molden Heath,Elfrard,Egbinger,5,Nanites,2 - Médio
Molden Heath,Elfrard,Egbinger,5,Suspended Plasma,2 - Médio
Molden Heath,Elfrard,Egbinger,6,Gleaming Alloy,1 - Pobre
Molden Heath,Elfrard,Egbinger,6,Construction Blocks,2 - Médio
Molden Heath,Elfrard,Egbinger,6,Oxygen Isotopes,2 - Médio
Molden Heath,Elfrard,Egbinger,7,Fiber Composite,4 - Perfeito
Molden Heath,Elfrard,Egbinger,7,Opulent Compound,4 - Perfeito
Molden Heath,Elfrard,Egbinger,7,Reactive Gas,4 - Perfeito
Molden Heath,Elfrard,Egbinger,7,Heavy Water,4 - Perfeito
Molden Heath,Elfrard,Egbinger,7,Liquid Ozone,3 - Rico
Molden Heath,Elfrard,Egbinger,8,Gleaming Alloy,1 - Pobre
Molden Heath,Elfrard,Egbinger,8,Polyaramids,1 - Pobre
Molden Heath,Elfrard,Egbinger,8,Plasmoids,3 - Rico
Molden Heath,Elfrard,Egbinger,9,Fiber Composite,3 - Rico
Molden Heath,Elfrard,Egbinger,9,Reactive Gas,3 - Rico
Molden Heath,Elfrard,Egbinger,9,Base Metals,4 - Perfeito
Molden Heath,Elfrard,Egbinger,9,Reactive Metals,2 - Médio
Molden Heath,Elfrard,Egbinger,9,Polyaramids,3 - Rico
Molden Heath,Elfrard,Egbinger,10,Lustering Alloy,3 - Rico
Molden Heath,Elfrard,Egbinger,10,Fiber Composite,3 - Rico
Molden Heath,Elfrard,Egbinger,10,Reactive Gas,4 - Perfeito
Molden Heath,Elfrard,Egbinger,10,Reactive Metals,1 - Pobre
Molden Heath,Elfrard,Egbinger,10,Coolant,3 - Rico
Molden Heath,Elfrard,Egbinger,11,Sheen Compound,2 - Médio
Molden Heath,Elfrard,Egbinger,11,Glossy Compound,4 - Perfeito
Molden Heath,Elfrard,Egbinger,11,Reactive Gas,3 - Rico
Molden Heath,Elfrard,Egbinger,11,Noble Gas,3 - Rico
Molden Heath,Elfrard,Egbinger,11,Base Metals,3 - Rico
Molden Heath,Elfrard,Egbinger,12,Reactive Gas,2 - Médio
Molden Heath,Elfrard,Egbinger,12,Reactive Metals,2 - Médio
Molden Heath,Elfrard,Egbinger,12,Toxic Metals,2 - Médio
Molden Heath,Elfrard,Egbinger,12,Construction Blocks,3 - Rico
Molden Heath,Elfrard,Egbinger,13,Sheen Compound,2 - Médio
Molden Heath,Elfrard,Egbinger,13,Fiber Composite,3 - Rico
Molden Heath,Elfrard,Egbinger,13,Glossy Compound,3 - Rico
Molden Heath,Elfrard,Egbinger,13,Reactive Gas,1 - Pobre
Molden Heath,Elfrard,Egbinger,13,Reactive Metals,2 - Médio
Molden Heath,Elfrard,Hegfunden,1,Noble Gas,2 - Médio
Molden Heath,Elfrard,Hegfunden,1,SmartFab Units,3 - Rico
Molden Heath,Elfrard,Hegfunden,2,Toxic Metals,1 - Pobre
Molden Heath,Elfrard,Hegfunden,2,Industrial Fibers,1 - Pobre
Molden Heath,Elfrard,Hegfunden,2,Oxygen Isotopes,1 - Pobre
Molden Heath,Elfrard,Hegfunden,3,Base Metals,1 - Pobre
Molden Heath,Elfrard,Hegfunden,3,Industrial Fibers,1 - Pobre
Molden Heath,Elfrard,Hegfunden,3,Oxygen Isotopes,2 - Médio
Molden Heath,Elfrard,Hegfunden,4,Dark Compound,1 - Pobre
Molden Heath,Elfrard,Hegfunden,4,Base Metals,2 - Médio
Molden Heath,Elfrard,Hegfunden,4,Industrial Fibers,1 - Pobre
Molden Heath,Elfrard,Hegfunden,5,Glossy Compound,2 - Médio
Molden Heath,Elfrard,Hegfunden,5,Reactive Gas,3 - Rico
Molden Heath,Elfrard,Hegfunden,5,Noble Gas,1 - Pobre
Molden Heath,Elfrard,Hegfunden,5,Polyaramids,3 - Rico
Molden Heath,Elfrard,Hegfunden,6,Noble Gas,2 - Médio
Molden Heath,Elfrard,Hegfunden,6,Base Metals,2 - Médio
Molden Heath,Elfrard,Hegfunden,6,Polyaramids,2 - Médio
Molden Heath,Elfrard,Hegfunden,6,Coolant,2 - Médio
Molden Heath,Elfrard,Hegfunden,7,Dark Compound,2 - Médio
Molden Heath,Elfrard,Hegfunden,7,Industrial Fibers,2 - Médio
Molden Heath,Elfrard,Hegfunden,7,Silicate Glass,1 - Pobre
Molden Heath,Elfrard,Hegfunden,8,Lustering Alloy,2 - Médio
Molden Heath,Elfrard,Hegfunden,8,Noble Gas,3 - Rico
Molden Heath,Elfrard,Hegfunden,8,Reactive Metals,3 - Rico
Molden Heath,Elfrard,Hegfunden,8,Coolant,4 - Perfeito
Molden Heath,Elfrard,Hegfunden,9,Crystal Compound,2 - Médio
Molden Heath,Elfrard,Hegfunden,9,Toxic Metals,1 - Pobre
Molden Heath,Elfrard,Hegfunden,9,Coolant,2 - Médio
Molden Heath,Elfrard,Hegfunden,9,Ionic Solutions,3 - Rico
Molden Heath,Elfrard,Kattegaud,1,Lustering Alloy,1 - Pobre
Molden Heath,Elfrard,Kattegaud,1,Base Metals,1 - Pobre
Molden Heath,Elfrard,Kattegaud,2,Lustering Alloy,2 - Médio
Molden Heath,Elfrard,Kattegaud,2,Base Metals,1 - Pobre
Molden Heath,Elfrard,Kattegaud,3,Motley Compound,2 - Médio
Molden Heath,Elfrard,Kattegaud,3,Noble Gas,2 - Médio
Molden Heath,Elfrard,Kattegaud,4,Lustering Alloy,2 - Médio
Molden Heath,Elfrard,Kattegaud,4,Reactive Gas,3 - Rico
Molden Heath,Elfrard,Kattegaud,4,Base Metals,2 - Médio
Molden Heath,Elfrard,Kattegaud,5,Lustering Alloy,2 - Médio
Molden Heath,Elfrard,Kattegaud,5,Base Metals,2 - Médio
Molden Heath,Elfrard,Kattegaud,6,Lustering Alloy,1 - Pobre
Molden Heath,Elfrard,Kattegaud,6,Reactive Gas,1 - Pobre
Molden Heath,Elfrard,Kattegaud,6,Base Metals,3 - Rico
Molden Heath,Elfrard,Kattegaud,7,Lustering Alloy,1 - Pobre
Molden Heath,Elfrard,Kattegaud,7,Base Metals,3 - Rico
Molden Heath,Elfrard,Kattegaud,7,Polyaramids,2 - Médio
Molden Heath,Elfrard,Kattegaud,8,Lustering Alloy,2 - Médio
Molden Heath,Elfrard,Kattegaud,8,Fiber Composite,1 - Pobre
Molden Heath,Elfrard,Kattegaud,8,Base Metals,4 - Perfeito
Molden Heath,Elfrard,Kattegaud,9,Lustering Alloy,2 - Médio
Molden Heath,Elfrard,Kattegaud,9,Base Metals,1 - Pobre
Molden Heath,Elfrard,Kadlina,1,Gleaming Alloy,2 - Médio
Molden Heath,Elfrard,Kadlina,1,Noble Gas,2 - Médio
Molden Heath,Elfrard,Kadlina,2,Crystal Compound,3 - Rico
Molden Heath,Elfrard,Kadlina,2,Toxic Metals,2 - Médio
Molden Heath,Elfrard,Kadlina,2,Coolant,2 - Médio
Molden Heath,Elfrard,Kadlina,2,Liquid Ozone,2 - Médio
Molden Heath,Elfrard,Kadlina,3,Sheen Compound,1 - Pobre
Molden Heath,Elfrard,Kadlina,3,Glossy Compound,3 - Rico
Molden Heath,Elfrard,Kadlina,3,Noble Gas,4 - Perfeito
Molden Heath,Elfrard,Kadlina,3,Base Metals,3 - Rico
Molden Heath,Elfrard,Kadlina,4,Condensed Alloy,3 - Rico
Molden Heath,Elfrard,Kadlina,4,Fiber Composite,3 - Rico
Molden Heath,Elfrard,Kadlina,4,Opulent Compound,2 - Médio
Molden Heath,Elfrard,Kadlina,4,Reactive Gas,2 - Médio
Molden Heath,Elfrard,Kadlina,5,Lustering Alloy,3 - Rico
Molden Heath,Elfrard,Kadlina,5,Glossy Compound,3 - Rico
Molden Heath,Elfrard,Kadlina,5,Noble Gas,1 - Pobre
Molden Heath,Elfrard,Kadlina,5,Polyaramids,3 - Rico
Molden Heath,Elfrard,Kadlina,6,Noble Gas,2 - Médio
Molden Heath,Elfrard,Kadlina,6,SmartFab Units,2 - Médio
Molden Heath,Elfrard,Kadlina,7,Reactive Gas,4 - Perfeito
Molden Heath,Elfrard,Kadlina,7,Noble Gas,1 - Pobre
Molden Heath,Elfrard,Kadlina,7,Base Metals,1 - Pobre
Molden Heath,Elfrard,Kadlina,7,Polyaramids,2 - Médio
Molden Heath,Elfrard,Kadlina,8,Sheen Compound,2 - Médio
Molden Heath,Elfrard,Kadlina,8,Glossy Compound,3 - Rico
Molden Heath,Elfrard,Kadlina,8,Noble Gas,4 - Perfeito
Molden Heath,Elfrard,Kadlina,8,Reactive Metals,3 - Rico
Molden Heath,Elfrard,Kadlina,9,Precious Alloy,2 - Médio
Molden Heath,Elfrard,Kadlina,9,Industrial Fibers,2 - Médio
Molden Heath,Elfrard,Kadlina,9,Construction Blocks,2 - Médio
Molden Heath,Tartaven,Muttokon,1,Dark Compound,1 - Pobre
Molden Heath,Tartaven,Muttokon,1,Base Metals,1 - Pobre
Molden Heath,Tartaven,Muttokon,1,Industrial Fibers,1 - Pobre
Molden Heath,Tartaven,Muttokon,2,Condensed Alloy,4 - Perfeito
Molden Heath,Tartaven,Muttokon,2,Fiber Composite,3 - Rico
Molden Heath,Tartaven,Muttokon,2,Opulent Compound,4 - Perfeito
Molden Heath,Tartaven,Muttokon,2,Industrial Fibers,4 - Perfeito
Molden Heath,Tartaven,Muttokon,3,Noble Gas,3 - Rico
Molden Heath,Tartaven,Muttokon,3,Construction Blocks,3 - Rico
Molden Heath,Tartaven,Muttokon,4,Gleaming Alloy,2 - Médio
Molden Heath,Tartaven,Muttokon,4,Supertensile Plastics,1 - Pobre
Molden Heath,Tartaven,Muttokon,4,Construction Blocks,2 - Médio
Molden Heath,Tartaven,Aedald,1,Lustering Alloy,1 - Pobre
Molden Heath,Tartaven,Aedald,1,Industrial Fibers,1 - Pobre
Molden Heath,Tartaven,Aedald,1,Construction Blocks,1 - Pobre
Molden Heath,Tartaven,Aedald,2,Fiber Composite,2 - Médio
Molden Heath,Tartaven,Aedald,2,Opulent Compound,2 - Médio
Molden Heath,Tartaven,Aedald,2,Reactive Gas,4 - Perfeito
Molden Heath,Tartaven,Aedald,2,Base Metals,2 - Médio
Molden Heath,Tartaven,Aedald,3,Crystal Compound,2 - Médio
Molden Heath,Tartaven,Aedald,3,Reactive Metals,3 - Rico
Molden Heath,Tartaven,Aedald,3,Construction Blocks,2 - Médio
Molden Heath,Tartaven,Aedald,4,Lustering Alloy,1 - Pobre
Molden Heath,Tartaven,Aedald,4,Precious Alloy,1 - Pobre
Molden Heath,Tartaven,Aedald,4,Industrial Fibers,1 - Pobre
Molden Heath,Tartaven,Aedald,5,Sheen Compound,2 - Médio
Molden Heath,Tartaven,Aedald,5,Noble Gas,3 - Rico
Molden Heath,Tartaven,Aedald,5,Reactive Metals,3 - Rico
Molden Heath,Tartaven,Aedald,5,Polyaramids,2 - Médio
Molden Heath,Tartaven,Aedald,6,Noble Gas,3 - Rico
Molden Heath,Tartaven,Aedald,6,Base Metals,3 - Rico
Molden Heath,Tartaven,Aedald,6,Polyaramids,2 - Médio
Molden Heath,Tartaven,Aedald,6,Coolant,3 - Rico
Molden Heath,Tartaven,Aedald,7,Noble Gas,2 - Médio
Molden Heath,Tartaven,Aedald,7,Reactive Metals,2 - Médio
Molden Heath,Tartaven,Aedald,7,Polyaramids,2 - Médio
Molden Heath,Tartaven,Aedald,7,Ionic Solutions,2 - Médio
Molden Heath,Tartaven,Aedald,8,Base Metals,2 - Médio
Molden Heath,Tartaven,Aedald,8,Coolant,2 - Médio
Molden Heath,Tartaven,Aedald,8,Suspended Plasma,1 - Pobre
Molden Heath,Tartaven,Audesder,1,Noble Gas,2 - Médio
Molden Heath,Tartaven,Audesder,1,Plasmoids,2 - Médio
Molden Heath,Tartaven,Audesder,2,Dark Compound,1 - Pobre
Molden Heath,Tartaven,Audesder,2,Toxic Metals,2 - Médio
Molden Heath,Tartaven,Audesder,2,Industrial Fibers,1 - Pobre
Molden Heath,Tartaven,Audesder,3,Fiber Composite,2 - Médio
Molden Heath,Tartaven,Audesder,3,Reactive Gas,4 - Perfeito
Molden Heath,Tartaven,Audesder,3,Noble Metals,4 - Perfeito
Molden Heath,Tartaven,Audesder,3,SmartFab Units,2 - Médio
Molden Heath,Tartaven,Audesder,4,Noble Gas,2 - Médio
Molden Heath,Tartaven,Audesder,4,SmartFab Units,3 - Rico
Molden Heath,Tartaven,Audesder,5,Precious Alloy,2 - Médio
Molden Heath,Tartaven,Audesder,5,Industrial Fibers,1 - Pobre
Molden Heath,Tartaven,Audesder,5,Oxygen Isotopes,1 - Pobre
Molden Heath,Tartaven,Audesder,6,Sheen Compound,3 - Rico
Molden Heath,Tartaven,Audesder,6,Fiber Composite,2 - Médio
Molden Heath,Tartaven,Audesder,6,Glossy Compound,2 - Médio
Molden Heath,Tartaven,Audesder,6,Noble Gas,2 - Médio
Molden Heath,Tartaven,Audesder,7,Fiber Composite,3 - Rico
Molden Heath,Tartaven,Audesder,7,Opulent Compound,3 - Rico
Molden Heath,Tartaven,Audesder,7,Base Metals,1 - Pobre
Molden Heath,Tartaven,Audesder,7,Heavy Water,3 - Rico
Molden Heath,Tartaven,Audesder,8,Lustering Alloy,1 - Pobre
Molden Heath,Tartaven,Audesder,8,Sheen Compound,1 - Pobre
Molden Heath,Tartaven,Audesder,8,Noble Gas,2 - Médio
Molden Heath,Tartaven,Audesder,8,Polyaramids,1 - Pobre
Molden Heath,Tartaven,Audesder,9,Industrial Fibers,1 - Pobre
Molden Heath,Tartaven,Audesder,9,Supertensile Plastics,2 - Médio
Molden Heath,Tartaven,Audesder,9,Plasmoids,1 - Pobre
Molden Heath,Tartaven,Heild,1,Gleaming Alloy,1 - Pobre
Molden Heath,Tartaven,Heild,1,Noble Gas,1 - Pobre
Molden Heath,Tartaven,Heild,2,Dark Compound,2 - Médio
Molden Heath,Tartaven,Heild,2,Industrial Fibers,1 - Pobre
Molden Heath,Tartaven,Heild,2,Oxygen Isotopes,1 - Pobre
Molden Heath,Tartaven,Heild,3,Crystal Compound,3 - Rico
Molden Heath,Tartaven,Heild,3,Construction Blocks,3 - Rico
Molden Heath,Tartaven,Heild,3,Suspended Plasma,4 - Perfeito
Molden Heath,Tartaven,Heild,4,Glossy Compound,2 - Médio
Molden Heath,Tartaven,Heild,4,Noble Gas,2 - Médio
Molden Heath,Tartaven,Heild,5,Lustering Alloy,3 - Rico
Molden Heath,Tartaven,Heild,5,Noble Gas,2 - Médio
Molden Heath,Tartaven,Heild,5,Base Metals,1 - Pobre
Molden Heath,Tartaven,Heild,5,Reactive Metals,3 - Rico
Molden Heath,Tartaven,Heild,6,Sheen Compound,2 - Médio
Molden Heath,Tartaven,Heild,6,Noble Gas,1 - Pobre
Molden Heath,Tartaven,Heild,6,Coolant,4 - Perfeito
Molden Heath,Tartaven,Heild,6,Ionic Solutions,3 - Rico
Molden Heath,Tartaven,Heild,7,Fiber Composite,3 - Rico
Molden Heath,Tartaven,Heild,7,Noble Gas,2 - Médio
Molden Heath,Tartaven,Heild,7,Coolant,2 - Médio
Molden Heath,Tartaven,Heild,7,Ionic Solutions,1 - Pobre
Molden Heath,Tartaven,Heild,8,Heavy Metals,2 - Médio
Molden Heath,Tartaven,Heild,8,Supertensile Plastics,3 - Rico
Molden Heath,Tartaven,Heild,8,Coolant,3 - Rico
Molden Heath,Tartaven,Heild,9,Precious Alloy,2 - Médio
Molden Heath,Tartaven,Heild,9,Industrial Fibers,2 - Médio
Molden Heath,Tartaven,Heild,9,Construction Blocks,2 - Médio
Molden Heath,Tartaven,Heild,10,Lustering Alloy,2 - Médio
Molden Heath,Tartaven,Heild,10,Dark Compound,2 - Médio
Molden Heath,Tartaven,Heild,10,Industrial Fibers,2 - Médio
Molden Heath,Tartaven,Hrokkur,1,Dark Compound,2 - Médio
Molden Heath,Tartaven,Hrokkur,1,Industrial Fibers,1 - Pobre
Molden Heath,Tartaven,Hrokkur,1,Silicate Glass,1 - Pobre
Molden Heath,Tartaven,Hrokkur,2,Gleaming Alloy,2 - Médio
Molden Heath,Tartaven,Hrokkur,2,Noble Gas,2 - Médio
Molden Heath,Tartaven,Hrokkur,3,Gleaming Alloy,2 - Médio
Molden Heath,Tartaven,Hrokkur,3,Reactive Gas,1 - Pobre
Molden Heath,Tartaven,Hrokkur,3,Construction Blocks,3 - Rico
Molden Heath,Tartaven,Hrokkur,4,Industrial Fibers,1 - Pobre
Molden Heath,Tartaven,Hrokkur,4,Silicate Glass,2 - Médio
Molden Heath,Tartaven,Hrokkur,4,Oxygen Isotopes,2 - Médio
Molden Heath,Tartaven,Hrokkur,5,Sheen Compound,1 - Pobre
Molden Heath,Tartaven,Hrokkur,5,Glossy Compound,2 - Médio
Molden Heath,Tartaven,Hrokkur,5,Noble Gas,2 - Médio
Molden Heath,Tartaven,Hrokkur,5,Base Metals,3 - Rico
Molden Heath,Tartaven,Hrokkur,6,Supertensile Plastics,1 - Pobre
Molden Heath,Tartaven,Hrokkur,6,Coolant,3 - Rico
Molden Heath,Tartaven,Hrokkur,6,Suspended Plasma,1 - Pobre
Molden Heath,Tartaven,Hrokkur,7,Precious Alloy,3 - Rico
Molden Heath,Tartaven,Hrokkur,7,Coolant,2 - Médio
Molden Heath,Tartaven,Hrokkur,7,Suspended Plasma,1 - Pobre
Molden Heath,Tartaven,Hrobber,1,Motley Compound,4 - Perfeito
Molden Heath,Tartaven,Hrobber,1,Noble Gas,2 - Médio
Molden Heath,Tartaven,Hrobber,2,Industrial Fibers,1 - Pobre
Molden Heath,Tartaven,Hrobber,2,Supertensile Plastics,1 - Pobre
Molden Heath,Tartaven,Hrobber,2,Oxygen Isotopes,2 - Médio
Molden Heath,Tartaven,Hrobber,3,Industrial Fibers,1 - Pobre
Molden Heath,Tartaven,Hrobber,3,Supertensile Plastics,2 - Médio
Molden Heath,Tartaven,Hrobber,3,Construction Blocks,1 - Pobre
Molden Heath,Tartaven,Hrobber,4,Toxic Metals,3 - Rico
Molden Heath,Tartaven,Hrobber,4,Coolant,4 - Perfeito
Molden Heath,Tartaven,Hrobber,4,Heavy Water,1 - Pobre
Molden Heath,Tartaven,Hrobber,4,Liquid Ozone,3 - Rico
Molden Heath,Tartaven,Hrobber,5,Condensed Alloy,2 - Médio
Molden Heath,Tartaven,Hrobber,5,Fiber Composite,2 - Médio
Molden Heath,Tartaven,Hrobber,5,Noble Metals,1 - Pobre
Molden Heath,Tartaven,Hrobber,5,Liquid Ozone,2 - Médio
Molden Heath,Tartaven,Hrobber,6,Precious Alloy,2 - Médio
Molden Heath,Tartaven,Hrobber,6,Industrial Fibers,2 - Médio
Molden Heath,Tartaven,Hrobber,6,Supertensile Plastics,2 - Médio
Molden Heath,Tartaven,Hrobber,7,Sheen Compound,4 - Perfeito
Molden Heath,Tartaven,Hrobber,7,Noble Gas,1 - Pobre
Molden Heath,Tartaven,Hrobber,7,Reactive Metals,2 - Médio
Molden Heath,Tartaven,Hrobber,7,Ionic Solutions,3 - Rico
Molden Heath,Tartaven,Hrobber,8,Fiber Composite,4 - Perfeito
Molden Heath,Tartaven,Hrobber,8,Industrial Fibers,2 - Médio
Molden Heath,Tartaven,Hrobber,8,Condensates,3 - Rico
Molden Heath,Tartaven,Hrobber,8,Liquid Ozone,3 - Rico
Molden Heath,Tartaven,Hrobber,9,Precious Alloy,2 - Médio
Molden Heath,Tartaven,Hrobber,9,Industrial Fibers,2 - Médio
Molden Heath,Tartaven,Hrobber,9,Oxygen Isotopes,1 - Pobre
Molden Heath,Tartaven,Hrobber,10,Condensed Alloy,2 - Médio
Molden Heath,Tartaven,Hrobber,10,Crystal Compound,2 - Médio
Molden Heath,Tartaven,Hrobber,10,Coolant,4 - Perfeito
Molden Heath,Tartaven,Hrobber,10,Heavy Water,2 - Médio